{
    "Body_Temp": 23.90608529294875,
    "Calories": 0.4448934989219112
}